{"loss": [189.18645590543747, 163.1986484825611, 155.0253740400076, 144.07709662616253, 133.19009819626808, 124.97035397589207, 110.06165233254433, 96.54556310549378, 79.08738742955029, 67.53770130500197, 55.8607518626377, 48.128727349452674], "true_negative": [0.43580593580593585, 0.6646230646230645, 0.541936741936742, 0.7217239967239966, 0.7343795093795094, 0.8165340665340666, 0.6825435825435826, 0.7289614289614289, 0.7272698022698024, 0.8118901368901368, 0.7954594204594204, 0.790954915954916], "true_positive": [0.9311639561639563, 0.8426075426075426, 0.9119008619008618, 0.8311269061269062, 0.8167563667563668, 0.772878397878398, 0.8841776841776842, 0.8845511095511095, 0.8536084786084785, 0.7996177996177996, 0.824897624897625, 0.830903630903631]}