{"loss": [157.7396885305643, 116.8756767809391, 109.04812645167112, 100.8397187255323, 90.05031310394406, 78.87238270696253, 67.1776018878445, 57.27264052629471, 42.20640118513256, 33.03606439742725, 25.135014693718404, 22.6800769038382], "true_negative": [0.7693480998168498, 0.9587568681318681, 0.7587115141802642, 0.9627766330891331, 0.8252657932345433, 0.8887443285880786, 0.9117241265678766, 0.8376474220224219, 0.8747190309690309, 0.9037120865245865, 0.9013082403707403, 0.9013082403707403], "true_positive": [0.8675313401875901, 0.5733202561327562, 0.9049603174603175, 0.6566817730880231, 0.8929315476190476, 0.8611595869408368, 0.8398189484126983, 0.9210306186868686, 0.8914299242424242, 0.8410951028138528, 0.8544135551948051, 0.8523561507936508]}