{"bleu_score": [1.160481716744041e-231, 1.1905798881151556e-231, 1.171080823333991e-231, 1.1905798881151556e-231, 1.1905798881151556e-231, 1.1905798881151556e-231, 1.160481716744041e-231, 1.171080823333991e-231, 1.1905798881151556e-231, 1.171080823333991e-231, 1.1905798881151556e-231, 1.1905798881151556e-231], "model_out": [0.005257298468495719, 0.011343737540300936, 0.0006240313530724961, 0.008278193374280818, 0.0014433789285249077, 8.029112964322849e-05, 0.00012838798135135222, 0.00027329058857503694, 0.005628397371083338, 0.006338102253357647, 0.00521880038013478, 0.0007150662317144451]}