{"loss": [141.30514311790466, 118.4305830001831, 100.26266360282898, 82.56140685081482, 52.62530696392059, 29.17687898874283, 13.778130292892456, 5.20014476031065, 2.4642399959266186, 1.643649198114872, 1.38804329931736, 1.288595600053668], "perplexity": [36.99833767500935, 47.82947896855721, 74.43253400387196, 102.6315589243157, 233.32551526222542, 341.99445426502444, 439.57957886431024, 525.5467272622325, 576.6452880780331, 619.6332019285, 638.2157154547185, 640.0265786229986], "bleu_score": [1.1258292406880784e-231, 1.1988328686372911e-231, 1.1262807463896744e-231, 1.2009232564680526e-231, 1.1376341828218975e-231, 1.1951155126698611e-231, 1.2363867681772576e-231, 1.1441414120472538e-231, 1.1162027208385249e-231, 1.1526253829360184e-231, 1.1441414120472538e-231, 1.1162027208385249e-231]}