{"loss": [302.3232066631317, 272.58322381973267, 237.19487285614014, 160.74986374378204, 80.6472561955452, 26.794572860002518, 8.247725300490856, 4.934607524424791], "perplexity": [49.669294473674405, 66.59537304394985, 87.3122285536747, 152.13783956474305, 337.82705208903377, 520.6503965251691, 624.5222286313589, 650.7739121121263], "bleu_score": [0.08712694165516184, 0.08734879390880881, 0.08564439759514629, 0.0844657865951123, 0.08465848764830639, 0.08593674238362896, 0.08503538148503093, 0.0858573329898022], "rouge_score": [0.0, 0.0, 0.0, 0.0, 0.0, 0.0, 0.0, 0.0]}