{"loss": [11.16043472290039, 7.391935348510742, 8.97468376159668, 8.73674488067627, 6.870936393737793, 2.8147177696228027, 7.83531379699707, 6.67423152923584, 5.180214881896973, 2.328763008117676, 1.8469258546829224, 1.2565120458602905, 2.805143117904663, 1.473576545715332, 4.198826313018799, 4.899959564208984, 2.4043807983398438, 1.6230368614196777, 3.984156608581543, 1.843099594116211, 1.5447787046432495, 4.333373069763184, 3.184401273727417, 2.822233200073242, 5.098204135894775], "reward": [10.0, 9.674223899841309, 9.910652160644531, 9.708135604858398, 9.99997329711914, 5.98469352722168, 9.99976634979248, 9.983154296875, 9.827370643615723, 0.7966133952140808, 7.692933082580566, 1.5677330493927002, 9.05339527130127, 6.435203552246094, 9.993542671203613, 9.913756370544434, 9.997557640075684, 7.223752021789551, 9.999073028564453, 9.99802017211914, 5.165218830108643, 9.998477935791016, 3.6657652854919434, 9.999471664428711, 9.99775505065918]}